experiment_id,status,code_revision,checkpoint,test_data,seed,evaluator,command_log,predictions_csv,macro_acc,macro_ap,diagnostic_artifacts,conclusion,next_action
T10-OFFICIAL,planned,fb19c25,C2P_CLIP_release_20240901.pth,CNN_synth_testset,,scripts/test_airplane_official.py,results/t10_baseline_check/official.log,,,,optional,reproduction_pending,Run on the experiment server
T10-SELF,planned,fb19c25,not_recorded,CNN_synth_testset,not_recorded,scripts/test_checkpoint.py,results/t10_baseline_check/self_trained.log,,,,optional,reproduction_pending,Set the exact historical self-trained baseline checkpoint and run on the experiment server
EXP-D20-001,pilot,unknown,/home/ac/data/xxxf/clip_opt_github/c2p_checkpoints/baseline__20260818-104725__s123__r6a6d0.5__lr0.0002__c4.0/model_epoch_0_total_steps_200_testacc_99.325.pth,"diffusion_test_only seven groups n=88000: adm,biggan,glide,midjourney,sdv5,vqdm,wukong",123,existing evaluator console output; exact command not captured,docs/project/HANDOFF_T20_2026-08-18_EXP-D20-001_DIFFUSION_BASELINE.md,not_recorded,91.31,98.94,"AUROC 99.18; ECE 41.02; Brier 0.2120; worst ACC adm 73.35; worst Fake_ACC adm 47.87; elapsed 467.0s","pilot baseline; not paired with fixed-manifest HFR",Recover exact command/log artifact or rerun under predeclared paired D20 protocol
EXP-D20-006,pilot,19447ce92310f9b766d19b622e440151ef1f11ac,/home/ac/data/xxxf/clip_opt_github/c2p_checkpoints/hfr_manifest_ds271828__20260819-092529__ds271828__ms123__r6a6d0.5__lr0.0002__c4.0__hfr-w1.0-q0.25/model_epoch_0_total_steps_200_testacc_96.9833.pth,"diffusion_test_only seven groups n=88000: adm,biggan,glide,midjourney,sdv5,vqdm,wukong",123,scripts/test_checkpoint.py,user console screenshots 2026-08-19,/home/ac/data/xxxf/clip_opt_github/hfr_manifest_ds271828_s123_predictions.csv,95.95,99.18,"manifest_sha256=0e31e71b5ac10ced50e830c1021fa186554be2f1e851d0c5183099ea43e36d5a; AUROC 99.37; ECE 38.04; Brier 0.2093; worst ACC/Fake_ACC adm 92.22/90.95; elapsed 553.0s","single-seed matched HFR pilot versus EXP-D20-007: ACC +5.87 pp and AP +0.28 pp; Real ACC -5.36 pp",Preserve raw training and evaluation logs
EXP-D20-007,pilot,19447ce92310f9b766d19b622e440151ef1f11ac,/home/ac/data/xxxf/clip_opt_github/c2p_checkpoints/baseline_manifest_ds271828__20260819-092121__ds271828__ms123__r6a6d0.5__lr0.0002__c4.0/model_epoch_0_total_steps_200_testacc_99.3333.pth,"diffusion_test_only seven groups n=88000: adm,biggan,glide,midjourney,sdv5,vqdm,wukong",123,scripts/test_checkpoint.py,user console screenshot 2026-08-19,/home/ac/data/xxxf/clip_opt_github/baseline_manifest_ds271828_s123_predictions.csv,90.08,98.90,"manifest_sha256=0e31e71b5ac10ced50e830c1021fa186554be2f1e851d0c5183099ea43e36d5a; AUROC 99.16; ECE 41.30; Brier 0.2122; worst ACC/Fake_ACC adm 72.35/45.65; elapsed 556.7s","single-seed fixed-manifest baseline matched to EXP-D20-006",Preserve raw training and evaluation logs
EXP-D20-008,pilot,19447ce92310f9b766d19b622e440151ef1f11ac,/home/ac/data/xxxf/clip_opt_github/c2p_checkpoints/baseline_manifest_ds271828_s42__20260819-143553__ds271828__ms42__r6a6d0.5__lr0.0002__c4.0/model_epoch_0_total_steps_200_testacc_99.3333.pth,"diffusion_test_only seven groups n=88000: adm,biggan,glide,midjourney,sdv5,vqdm,wukong",42,scripts/test_checkpoint.py,user console screenshot 2026-08-19,/home/ac/data/xxxf/clip_opt_github/baseline_manifest_ds271828_s42_predictions.csv,87.65,98.82,"manifest_sha256=0e31e71b5ac10ced50e830c1021fa186554be2f1e851d0c5183099ea43e36d5a; AUROC 99.12; ECE 40.26; Brier 0.2059; Real/Fake ACC 99.15/76.15; worst ACC/Fake_ACC adm 67.27/35.38; elapsed 430.5s","fixed-manifest seed-42 baseline matched to EXP-D20-009",Preserve raw training and evaluation logs
EXP-D20-009,pilot,19447ce92310f9b766d19b622e440151ef1f11ac,/home/ac/data/xxxf/clip_opt_github/c2p_checkpoints/hfr_manifest_ds271828_s42__20260819-144041__ds271828__ms42__r6a6d0.5__lr0.0002__c4.0__hfr-w1.0-q0.25/model_epoch_0_total_steps_200_testacc_98.1667.pth,"diffusion_test_only seven groups n=88000: adm,biggan,glide,midjourney,sdv5,vqdm,wukong",42,scripts/test_checkpoint.py,user console screenshot 2026-08-19,/home/ac/data/xxxf/clip_opt_github/hfr_manifest_ds271828_s42_predictions.csv,95.76,99.12,"manifest_sha256=0e31e71b5ac10ced50e830c1021fa186554be2f1e851d0c5183099ea43e36d5a; AUROC 99.33; ECE 39.40; Brier 0.2029; Real/Fake ACC 96.14/95.37; worst ACC/Fake_ACC adm 86.59/76.93; elapsed 419.8s","matched seed-42 HFR: ACC +8.11 pp and AP +0.30 pp; Real ACC -3.01 pp",Preserve raw training and evaluation logs
EXP-D20-010,pilot,19447ce92310f9b766d19b622e440151ef1f11ac,/home/ac/data/xxxf/clip_opt_github/c2p_checkpoints/baseline_manifest_ds271828_s2024__20260819-144527__ds271828__ms2024__r6a6d0.5__lr0.0002__c4.0/model_epoch_0_total_steps_200_testacc_99.5333.pth,"diffusion_test_only seven groups n=88000: adm,biggan,glide,midjourney,sdv5,vqdm,wukong",2024,scripts/test_checkpoint.py,user console screenshot 2026-08-19,/home/ac/data/xxxf/clip_opt_github/baseline_manifest_ds271828_s2024_predictions.csv,87.22,99.33,"manifest_sha256=0e31e71b5ac10ced50e830c1021fa186554be2f1e851d0c5183099ea43e36d5a; AUROC 99.46; ECE 39.48; Brier 0.1931; Real/Fake ACC 99.66/74.78; worst ACC/Fake_ACC adm 68.87/38.05; elapsed 416.0s","fixed-manifest seed-2024 baseline matched to EXP-D20-011",Preserve raw training and evaluation logs
EXP-D20-011,pilot,19447ce92310f9b766d19b622e440151ef1f11ac,/home/ac/data/xxxf/clip_opt_github/c2p_checkpoints/hfr_manifest_ds271828_s2024__20260819-145000__ds271828__ms2024__r6a6d0.5__lr0.0002__c4.0__hfr-w1.0-q0.25/model_epoch_0_total_steps_200_testacc_99.5333.pth,"diffusion_test_only seven groups n=88000: adm,biggan,glide,midjourney,sdv5,vqdm,wukong",2024,scripts/test_checkpoint.py,user console screenshot 2026-08-19,/home/ac/data/xxxf/clip_opt_github/hfr_manifest_ds271828_s2024_predictions.csv,94.92,99.47,"manifest_sha256=0e31e71b5ac10ced50e830c1021fa186554be2f1e851d0c5183099ea43e36d5a; AUROC 99.57; ECE 40.41; Brier 0.1903; Real/Fake ACC 98.78/91.06; worst ACC/Fake_ACC adm 81.82/64.77; elapsed 430.9s","matched seed-2024 HFR: ACC +7.70 pp and AP +0.14 pp; ECE worsens 0.93 pp",Preserve raw training and evaluation logs
